Workbook

Sheet Original Data
A1: Transaction ID | B1: Date | C1: Customer ID | D1: Gender | E1: Age | F1: Product Category | G1: Quantity | H1: Price per Unit | I1: Total Amount
A2: 1 | B2: 24/11/2023 | C2: CUST001 | D2: Male | E2: 34 | F2: Beauty | G2: 3 | H2: 50 | I2: 150
A3: 2 | B3: 27/02/2023 | C3: CUST002 | D3: Female | E3: 26 | F3: Clothing | G3: 2 | H3: 500 | I3: 1000
A4: 3 | B4: 13/01/2023 | C4: CUST003 | D4: Male | E4: 50 | F4: Electronics | G4: 1 | H4: 30 | I4: 30
A5: 4 | B5: 21/05/2023 | C5: CUST004 | D5: Male | E5: 37 | F5: Clothing | G5: 1 | H5: 500 | I5: 500
A6: 5 | B6: 06/05/2023 | C6: CUST005 | D6: Male | E6: 30 | F6: Beauty | G6: 2 | H6: 50 | I6: 100
A7: 6 | B7: 25/04/2023 | C7: CUST006 | D7: Female | E7: 45 | F7: Beauty | G7: 1 | H7: 30 | I7: 30
A8: 7 | B8: 13/03/2023 | C8: CUST007 | D8: Male | E8: 46 | F8: Clothing | G8: 2 | H8: 25 | I8: 50
A9: 8 | B9: 22/02/2023 | C9: CUST008 | D9: Male | E9: 30 | F9: Electronics | G9: 4 | H9: 25 | I9: 100
A10: 9 | B10: 13/12/2023 | C10: CUST009 | D10: Male | E10: 63 | F10: Electronics | G10: 2 | H10: 300 | I10: 600
A11: 10 | B11: 07/10/2023 | C11: CUST010 | D11: Female | E11: 52 | F11: Clothing | G11: 4 | H11: 50 | I11: 200
A12: 11 | B12: 14/02/2023 | C12: CUST011 | D12: Male | E12: 23 | F12: Clothing | G12: 2 | H12: 50 | I12: 100
A13: 12 | B13: 30/10/2023 | C13: CUST012 | D13: Male | E13: 35 | F13: Beauty | G13: 3 | H13: 25 | I13: 75
... A1001: 1000 | B1001: 12/04/2023 | C1001: CUST1000 | D1001: Male | E1001: 47 | F1001: Electronics | G1001: 4 | H1001: 30 | I1001: 120

Sheet Cleaned Data
A1: Transaction ID | B1: Date | C1: Customer ID | D1: Gender | E1: Age | F1: Product Category | G1: Quantity | H1: Price per Unit | I1: Total Amount | J1: Calculated Total | K1: Amount Check
A2: 1 | B2: 24/11/2023 | C2: CUST001 | D2: Male | E2: 34 | F2: Beauty | G2: 3 | H2: 50 | I2: 150 | J2: =G2*H2 | K2: =IF(J2=I2,"Correct","Check")
A3: 2 | B3: 27/02/2023 | C3: CUST002 | D3: Female | E3: 26 | F3: Clothing | G3: 2 | H3: 500 | I3: 1000 | J3: =G3*H3 | K3: =IF(J3=I3,"Correct","Check")
A4: 3 | B4: 13/01/2023 | C4: CUST003 | D4: Male | E4: 50 | F4: Electronics | G4: 1 | H4: 30 | I4: 30 | J4: =G4*H4 | K4: =IF(J4=I4,"Correct","Check")
A5: 4 | B5: 21/05/2023 | C5: CUST004 | D5: Male | E5: 37 | F5: Clothing | G5: 1 | H5: 500 | I5: 500 | J5: =G5*H5 | K5: =IF(J5=I5,"Correct","Check")
A6: 5 | B6: 06/05/2023 | C6: CUST005 | D6: Male | E6: 30 | F6: Beauty | G6: 2 | H6: 50 | I6: 100 | J6: =G6*H6 | K6: =IF(J6=I6,"Correct","Check")
A7: 6 | B7: 25/04/2023 | C7: CUST006 | D7: Female | E7: 45 | F7: Beauty | G7: 1 | H7: 30 | I7: 30 | J7: =G7*H7 | K7: =IF(J7=I7,"Correct","Check")
A8: 7 | B8: 13/03/2023 | C8: CUST007 | D8: Male | E8: 46 | F8: Clothing | G8: 2 | H8: 25 | I8: 50 | J8: =G8*H8 | K8: =IF(J8=I8,"Correct","Check")
A9: 8 | B9: 22/02/2023 | C9: CUST008 | D9: Male | E9: 30 | F9: Electronics | G9: 4 | H9: 25 | I9: 100 | J9: =G9*H9 | K9: =IF(J9=I9,"Correct","Check")
A10: 9 | B10: 13/12/2023 | C10: CUST009 | D10: Male | E10: 63 | F10: Electronics | G10: 2 | H10: 300 | I10: 600 | J10: =G10*H10 | K10: =IF(J10=I10,"Correct","Check")
A11: 10 | B11: 07/10/2023 | C11: CUST010 | D11: Female | E11: 52 | F11: Clothing | G11: 4 | H11: 50 | I11: 200 | J11: =G11*H11 | K11: =IF(J11=I11,"Correct","Check")
A12: 11 | B12: 14/02/2023 | C12: CUST011 | D12: Male | E12: 23 | F12: Clothing | G12: 2 | H12: 50 | I12: 100 | J12: =G12*H12 | K12: =IF(J12=I12,"Correct","Check")
A13: 12 | B13: 30/10/2023 | C13: CUST012 | D13: Male | E13: 35 | F13: Beauty | G13: 3 | H13: 25 | I13: 75 | J13: =G13*H13 | K13: =IF(J13=I13,"Correct","Check")
... A1001: 1000 | B1001: 12/04/2023 | C1001: CUST1000 | D1001: Male | E1001: 47 | F1001: Electronics | G1001: 4 | H1001: 30 | I1001: 120 | J1001: =G1001*H1001 | K1001: =IF(J1001=I1001,"Correct","Check")

Sheet Dataset Understanding
A1: Question | B1: Answer
A2: Rows | B2: 1000
A3: Columns | B3: 9
A4: Date Type | B4: Date
A5: Product Category | B5: Categorical
A6: Total Amount | B6: Numeric
A7: Min Age | B7: 18
A8: Max Age | B8: 64

Sheet Data Quality Check
A1: Check | B1: Result
A2: Blank Cells | B2: 0
A3: Duplicate Rows | B3: 0
A4: Quantity Valid | B4: Yes
A5: Price Valid | B5: Yes
A6: Formula Match | B6: Yes

Sheet Basic Analysis
A1: Total Sales Amount | B1: =SUM('Cleaned Data'!I:I)
A2: Average Sales Amount | B2: =AVERAGE('Cleaned Data'!I:I)
A3: Minimum Sales Amount | B3: =MIN('Cleaned Data'!I:I)
A4: Maximum Sales Amount | B4: =MAX('Cleaned Data'!I:I)
A5: Total Quantity Sold | B5: =SUM('Cleaned Data'!G:G)
A6: Average Customer Age | B6: =AVERAGE('Cleaned Data'!E:E)
A7: Youngest Customer Age | B7: =MIN('Cleaned Data'!E:E)
A8: Oldest Customer Age | B8: =MAX('Cleaned Data'!E:E)
A9: Total Transactions | B9: =COUNT('Cleaned Data'!A:A)

Sheet Sorting and Filtering Screenshots

Sheet Charts

Sheet Observations
